day,date_short,created_at,user_id,username,fill,player,fill_alt,player_alt
3,02/25,02/26 10:21,31550,九O墨,VA25,瓦舍罗,,
3,02/25,02/26 08:19,44900,吾***叔,WB32,吴易昺,TD51,蒂亚福
3,02/25,02/26 08:12,35099,苟***术,WB32,吴易昺,VA25,瓦舍罗
3,02/25,02/26 08:02,2999,美网冠军丘里奇,N0AE,中岛布兰登,,
3,02/25,02/26 07:54,40799,Markwu0626,WB32,吴易昺,VA25,瓦舍罗
3,02/25,02/26 07:51,39228,Genie201312,N0AE,中岛布兰登,VA25,瓦舍罗
3,02/25,02/26 07:48,40798,怀***蕴,DH50,达维多维奇,TD51,蒂亚福
3,02/25,02/26 07:34,29351,日***岸,DH50,达维多维奇,Z355,亚-兹韦列夫
3,02/25,02/26 07:19,34710,懒觉鱼睡不醒,TD51,蒂亚福,WB32,吴易昺
3,02/25,02/26 07:15,30932,samsonyip,TD51,蒂亚福,VA25,瓦舍罗
3,02/25,02/26 03:56,28367,谁***控,TD51,蒂亚福,Z355,亚-兹韦列夫
3,02/25,02/26 02:56,34368,回破,TD51,蒂亚福,WB32,吴易昺
3,02/25,02/26 02:50,8895,木的讷,WB32,吴易昺,TD51,蒂亚福
3,02/25,02/26 01:30,29270,xxxjusAng,WB32,吴易昺,,
3,02/25,02/26 01:27,34662,189******99,DH50,达维多维奇,Z355,亚-兹韦列夫
3,02/25,02/26 01:15,45550,Dylan Bai,J0DZ,霍达尔,WB32,吴易昺
3,02/25,02/26 01:05,27450,MobiusZH,WB32,吴易昺,N0AE,中岛布兰登
3,02/25,02/26 00:59,44801,na_go_h,TD51,蒂亚福,J0DZ,霍达尔
3,02/25,02/26 00:58,10322,ElvisD95,TD51,蒂亚福,DH50,达维多维奇
3,02/25,02/26 00:56,29300,-Frictionless,WB32,吴易昺,TD51,蒂亚福
3,02/25,02/26 00:47,39492,A-ries_15,TD51,蒂亚福,,
3,02/25,02/26 00:41,31557,一***酒,TD51,蒂亚福,DH50,达维多维奇
3,02/25,02/26 00:24,22199,无聊-消遣,WB32,吴易昺,Z355,亚-兹韦列夫
3,02/25,02/26 00:06,37256,Dagenais,DH50,达维多维奇,Z355,亚-兹韦列夫
3,02/25,02/26 00:05,40718,洋葱葱葱葱葱葱葱啊,WB32,吴易昺,DH50,达维多维奇
3,02/25,02/25 23:54,21672,158*****803,Z355,亚-兹韦列夫,TD51,蒂亚福
3,02/25,02/25 23:50,34717,A***4,WB32,吴易昺,Z355,亚-兹韦列夫
3,02/25,02/25 23:45,35077,500赛的W,N0AE,中岛布兰登,,
3,02/25,02/25 23:44,32763,1000赛的W,WB32,吴易昺,,
3,02/25,02/25 23:43,32322,大满贯的W,TD51,蒂亚福,,
3,02/25,02/25 23:39,35082,年终的W,VA25,瓦舍罗,TD51,蒂亚福
3,02/25,02/25 23:17,40286,薄荷奶绿不加冰_,VA25,瓦舍罗,TD51,蒂亚福
3,02/25,02/25 23:04,11119,我宝儿子不露脸不改名,J0DZ,霍达尔,DH50,达维多维奇
3,02/25,02/25 23:04,32121,用户7856057992,TD51,蒂亚福,DH50,达维多维奇
3,02/25,02/25 23:00,28801,用户7424117482,WB32,吴易昺,TD51,蒂亚福
3,02/25,02/25 22:54,44684,Norrie Go,VA25,瓦舍罗,TD51,蒂亚福
3,02/25,02/25 22:53,27994,板尼哟,J0DZ,霍达尔,TD51,蒂亚福
3,02/25,02/25 22:47,40803,Maya Wong,VA25,瓦舍罗,Z355,亚-兹韦列夫
3,02/25,02/25 22:38,46063,用户8356886010,J0DZ,霍达尔,,
3,02/25,02/25 22:37,27446,指纹Nongzw,N0AE,中岛布兰登,DH50,达维多维奇
3,02/25,02/25 22:37,40616,用户不存在-jpg,WB32,吴易昺,,
3,02/25,02/25 22:36,33015,一位神秘的来Ke,DH50,达维多维奇,Z355,亚-兹韦列夫
3,02/25,02/25 22:25,34766,为你而来呀,WB32,吴易昺,TD51,蒂亚福
3,02/25,02/25 22:13,34369,稀有气体hyk,WB32,吴易昺,J0DZ,霍达尔
3,02/25,02/25 22:12,34148,萨卡外,VA25,瓦舍罗,TD51,蒂亚福
3,02/25,02/25 22:01,37564,精神故乡丝芙兰,VA25,瓦舍罗,,
3,02/25,02/25 21:52,35514,131*****034,WB32,吴易昺,Z355,亚-兹韦列夫
3,02/25,02/25 21:44,32552,海狸先生的小翘臀,WB32,吴易昺,DH50,达维多维奇
3,02/25,02/25 21:37,29045,Kwan-tennis,WB32,吴易昺,,
3,02/25,02/25 21:37,28636,啦***拉,WB32,吴易昺,C0E9,科博利
3,02/25,02/25 21:36,28884,Ryan-Tennis,TD51,蒂亚福,,
3,02/25,02/25 21:28,33276,用户7906567974,N0AE,中岛布兰登,,
3,02/25,02/25 21:23,44942,卑***高,J0DZ,霍达尔,S0GD,斯夫尔奇纳
3,02/25,02/25 21:16,272,tenfoynis,TD51,蒂亚福,Z355,亚-兹韦列夫
3,02/25,02/25 21:14,44548,p***7,WB32,吴易昺,DH50,达维多维奇
3,02/25,02/25 21:05,35898,吴二饼,WB32,吴易昺,VA25,瓦舍罗
3,02/25,02/25 21:04,42377,gabrielle_pei,N0AE,中岛布兰登,TD51,蒂亚福
3,02/25,02/25 21:03,33162,r***i,TD51,蒂亚福,C0E9,科博利
3,02/25,02/25 20:58,24258,RV--RV,DH50,达维多维奇,TD51,蒂亚福
3,02/25,02/25 20:57,4936,liu8322925,WB32,吴易昺,N0AE,中岛布兰登
3,02/25,02/25 20:56,17024,victorgc,WB32,吴易昺,TD51,蒂亚福
3,02/25,02/25 20:53,34500,陈***8,DH50,达维多维奇,,
3,02/25,02/25 20:52,28632,y***7,WB32,吴易昺,VA25,瓦舍罗
3,02/25,02/25 20:45,28903,slay全场666,VA25,瓦舍罗,TD51,蒂亚福
3,02/25,02/25 20:43,2608,德约的粉丝,TD51,蒂亚福,J0DZ,霍达尔
3,02/25,02/25 20:40,39225,晚睡早起冲冲冲,DH50,达维多维奇,TD51,蒂亚福
3,02/25,02/25 20:39,44085,eFriz,WB32,吴易昺,DH50,达维多维奇
3,02/25,02/25 20:37,42094,w***3,TD51,蒂亚福,VA25,瓦舍罗
3,02/25,02/25 20:18,31388,BORIS-_-i,TD51,蒂亚福,WB32,吴易昺
3,02/25,02/25 20:17,37273,152*****282,DH50,达维多维奇,Z355,亚-兹韦列夫
3,02/25,02/25 20:15,11870,就是爱吃虾_,TD51,蒂亚福,,
3,02/25,02/25 20:08,34229,深***名,DH50,达维多维奇,WB32,吴易昺
3,02/25,02/25 19:57,2834,未来之匙,TD51,蒂亚福,A0GC,阿特马纳
3,02/25,02/25 19:51,39743,Zoey,WB32,吴易昺,VA25,瓦舍罗
3,02/25,02/25 19:49,39413,吡***吩,C0E9,科博利,TD51,蒂亚福
3,02/25,02/25 19:48,28692,番薯阿瓜,WB32,吴易昺,J0DZ,霍达尔
3,02/25,02/25 19:44,33147,湫秋兮如风,WB32,吴易昺,DH50,达维多维奇
3,02/25,02/25 19:40,43803,滑板2号,WB32,吴易昺,TD51,蒂亚福
3,02/25,02/25 19:39,29627,没有滑板的张某某,TD51,蒂亚福,WB32,吴易昺
3,02/25,02/25 19:27,35167,MrProstitute_song_z1996,J0DZ,霍达尔,S0GD,斯夫尔奇纳
3,02/25,02/25 19:20,37598,198******80,N0AE,中岛布兰登,VA25,瓦舍罗
3,02/25,02/25 19:18,43652,Tennis-苟活者,J0DZ,霍达尔,TD51,蒂亚福
3,02/25,02/25 19:14,39920,无***痕,WB32,吴易昺,TD51,蒂亚福
3,02/25,02/25 19:12,28485,Jiakun Yi,WB32,吴易昺,N0AE,中岛布兰登
3,02/25,02/25 19:06,41787,福尔摩凳,TD51,蒂亚福,Z355,亚-兹韦列夫
3,02/25,02/25 19:04,39396,178******17,WB32,吴易昺,J0DZ,霍达尔
3,02/25,02/25 19:02,30779,actor蔡,TD51,蒂亚福,WB32,吴易昺
3,02/25,02/25 18:49,483,天邪幻世,N0AE,中岛布兰登,TD51,蒂亚福
3,02/25,02/25 18:44,45709,play_better,J0DZ,霍达尔,K0A3,基普森
3,02/25,02/25 18:37,39514,您波打的电话正在通话中2333,TD51,蒂亚福,WB32,吴易昺
3,02/25,02/25 18:32,33513,H***n,WB32,吴易昺,TD51,蒂亚福
3,02/25,02/25 18:32,44799,球场统计者Bruce,WB32,吴易昺,J0DZ,霍达尔
3,02/25,02/25 18:05,22854,不管小哈是我的,TD51,蒂亚福,WB32,吴易昺
3,02/25,02/25 18:02,37043,法拉利策略组,DH50,达维多维奇,TD51,蒂亚福
3,02/25,02/25 18:01,45490,慷慨竹子投资房产,WB32,吴易昺,,
3,02/25,02/25 18:00,27983,吃货大爱凯凯_982,DH50,达维多维奇,WB32,吴易昺
3,02/25,02/25 17:58,31683,liangZxx,DH50,达维多维奇,TD51,蒂亚福
3,02/25,02/25 17:55,35974,荞四皮,WB32,吴易昺,,
3,02/25,02/25 17:44,30552,卡尼TT,WB32,吴易昺,N0AE,中岛布兰登
3,02/25,02/25 17:44,35123,134******50,WB32,吴易昺,TD51,蒂亚福
3,02/25,02/25 17:44,41067,用户7983281617,TD51,蒂亚福,J0DZ,霍达尔
3,02/25,02/25 17:34,44640,永远支持Queen文,TD51,蒂亚福,,
3,02/25,02/25 17:05,37582,D***3,DH50,达维多维奇,WB32,吴易昺
3,02/25,02/25 17:01,42922,z***7,N0AE,中岛布兰登,WB32,吴易昺
3,02/25,02/25 17:01,43200,Iridescent29,TD51,蒂亚福,N0AE,中岛布兰登
3,02/25,02/25 16:44,45771,151******01,TD51,蒂亚福,,
3,02/25,02/25 16:26,33264,跟我一起摆烂,VA25,瓦舍罗,N0AE,中岛布兰登
3,02/25,02/25 16:15,36469,嗨嗨嗨改名字好难,TD51,蒂亚福,WB32,吴易昺
3,02/25,02/25 16:11,40265,稀有的木臼犬,TD51,蒂亚福,WB32,吴易昺
3,02/25,02/25 16:06,35574,远***咻,TD51,蒂亚福,DH50,达维多维奇
3,02/25,02/25 16:05,45998,MatchaBagel,TD51,蒂亚福,S0GD,斯夫尔奇纳
3,02/25,02/25 16:01,43992,胡一统居士,WB32,吴易昺,TD51,蒂亚福
3,02/25,02/25 15:57,29026,德不驴,WB32,吴易昺,J0DZ,霍达尔
3,02/25,02/25 15:56,40564,红***4,WB32,吴易昺,,
3,02/25,02/25 15:55,43087,心愿是无爆冷,TD51,蒂亚福,N0AE,中岛布兰登
3,02/25,02/25 15:54,28673,神秘的药,J0DZ,霍达尔,N0AE,中岛布兰登
3,02/25,02/25 15:51,28781,活宝哈u,TD51,蒂亚福,,
3,02/25,02/25 15:50,16570,黑白_大山,TD51,蒂亚福,,
3,02/25,02/25 15:49,41074,梦***e,N0AE,中岛布兰登,WB32,吴易昺
3,02/25,02/25 15:48,35163,Rockylababy,WB32,吴易昺,VA25,瓦舍罗
3,02/25,02/25 15:42,29479,马戏团冠军,DH50,达维多维奇,N0AE,中岛布兰登
3,02/25,02/25 15:24,38686,福基纳夺冠就改名__哈卡卡可,TD51,蒂亚福,DH50,达维多维奇
3,02/25,02/25 15:20,33869,z***4,WB32,吴易昺,TD51,蒂亚福
3,02/25,02/25 15:16,39511,我叫LCW,WB32,吴易昺,TD51,蒂亚福
3,02/25,02/25 15:10,31549,强化型米斯prototype,TD51,蒂亚福,Z355,亚-兹韦列夫
3,02/25,02/25 15:10,39367,强化型米斯alternate,VA25,瓦舍罗,TD51,蒂亚福
3,02/25,02/25 15:09,39368,Elroy晨曦,TD51,蒂亚福,WB32,吴易昺
3,02/25,02/25 15:08,15424,Emppu99,TD51,蒂亚福,VA25,瓦舍罗
3,02/25,02/25 15:07,32980,Elroy ZHANG,WB32,吴易昺,VA25,瓦舍罗
3,02/25,02/25 15:05,38725,小煜v0,WB32,吴易昺,Z355,亚-兹韦列夫
3,02/25,02/25 14:56,44802,公考小皮,TD51,蒂亚福,S0GD,斯夫尔奇纳
3,02/25,02/25 14:56,31342,法网冠军丰塞卡,TD51,蒂亚福,C0E9,科博利
3,02/25,02/25 14:52,42997,135******08,WB32,吴易昺,A0GC,阿特马纳
3,02/25,02/25 14:49,30209,_被窝哲学家_-,TD51,蒂亚福,WB32,吴易昺
3,02/25,02/25 14:47,5778,用嘴倒立的乌鸦,WB32,吴易昺,VA25,瓦舍罗
3,02/25,02/25 14:44,39567,田***妞,WB32,吴易昺,C0E9,科博利
3,02/25,02/25 14:39,27388,之后再喝咖啡我就是狗,VA25,瓦舍罗,DH50,达维多维奇
3,02/25,02/25 14:37,31115,青花比目,TD51,蒂亚福,DH50,达维多维奇
3,02/25,02/25 14:32,35661,只***e,TD51,蒂亚福,N0AE,中岛布兰登
3,02/25,02/25 14:31,30567,N***_,TD51,蒂亚福,,
3,02/25,02/25 14:31,45901,小飞侠-8023,WB32,吴易昺,,
3,02/25,02/25 14:27,39230,子***寒,S0GD,斯夫尔奇纳,WB32,吴易昺
3,02/25,02/25 14:27,28509,夕***阳,N0AE,中岛布兰登,DH50,达维多维奇
3,02/25,02/25 14:24,28510,akane 11,SY67,岛袋将,Z355,亚-兹韦列夫
3,02/25,02/25 14:23,35132,h***t,WB32,吴易昺,N0AE,中岛布兰登
3,02/25,02/25 14:22,17144,白云静水,TD51,蒂亚福,VA25,瓦舍罗
3,02/25,02/25 14:20,44486,Vintyovo,TD51,蒂亚福,DH50,达维多维奇
3,02/25,02/25 14:15,36171,相信科学是非明,TD51,蒂亚福,,
3,02/25,02/25 14:15,5735,SamanStosur,WB32,吴易昺,A0GC,阿特马纳
